messnetz,station_id,station_id_ergaenzung,lat,lon
01/01,001,2/1,49.496318,8.475067
01/01,001,3/1,49.496318,8.475067
01/01,002,2/1,49.504562,8.471729
01/01,003,2/1,49.489183,8.463729
01/01,003,3/1,49.489183,8.463729
01/01,004,2/1,49.500255,8.488139
01/01,005,2/1,49.505487,8.477125
01/01,006,2/1,49.497052,8.472246
01/01,007,2/1,49.498672,8.484276
01/01,007,3/1,49.498672,8.484276
01/01,008,2/1,49.497988,8.464963
01/01,009,2/1,49.499061,8.475401
01/01,009,3/1,49.499061,8.475401
01/01,010,2/1,49.499154,8.481064
01/01,010,3/1,49.499154,8.481064
01/01,011,2/1,49.50673,8.475691
01/01,012,2/1,49.498461,8.486057
01/01,013,2/1,49.49765,8.474827
01/01,013,3/1,49.49765,8.474827
01/01,014,2/1,49.496764,8.474376
01/01,014,3/1,49.496764,8.474376
01/01,015,2/1,49.501791,8.476447
01/01,015,3/1,49.501791,8.476447
01/01,016,2/1,49.4965,8.47394
01/01,016,3/1,49.4965,8.47394
01/01,017,2/1,49.502803,8.471641
01/01,018,2/1,49.494217,8.467059
01/01,019,2/1,49.504188,8.474861
01/01,020,2/1,49.50516,8.468663
01/01,021,2/1,49.505417,8.473025
01/01,022,2/1,49.481227,8.467244
01/01,022,3/1,49.481227,8.467244
01/01,023,2/1,49.504888,8.477162
01/01,023,3/1,49.504888,8.477162
01/01,024,2/1,49.497562,8.466461
01/01,025,2/1,49.499917,8.485551
01/01,026,2/1,49.50242,8.474209
01/01,027,2/1,49.499921,8.484381
01/01,028,2/1,49.499382,8.463888
01/01,029,2/1,49.50082,8.484689
01/01,029,3/1,49.50082,8.484689
01/01,030,2/1,49.499363,8.478609
01/01,031,2/1,49.500466,8.520765
01/01,032,2/1,49.505756,8.474756
01/01,033,2/1,49.501145,8.481736
01/01,033,3/1,49.501145,8.481736
01/01,034,2/1,49.495825,8.471889
01/01,034,3/1,49.495825,8.471889
01/01,035,2/1,49.501537,8.478834
01/01,036,2/1,49.423656,8.519024
01/01,036,3/1,49.423656,8.519024
01/01,037,2/1,49.433839,8.527114
01/01,037,3/1,49.433839,8.527114
01/01,038,2/1,49.43791,8.583614
01/01,038,3/1,49.43791,8.583614
01/01,039,2/1,49.438,8.581649
01/01,039,3/1,49.438,8.581649
01/01,040,2/1,49.445004,8.533342
01/01,040,3/1,49.445004,8.533342
01/01,041,2/1,49.445251,8.577963
01/01,041,3/1,49.445251,8.577963
01/01,042,2/1,49.445936,8.572998
01/01,042,3/1,49.445936,8.572998
01/01,043,2/1,49.447208,8.493657
01/01,043,3/1,49.447208,8.493657
01/01,044,2/1,49.453017,8.518608
01/01,044,3/1,49.453017,8.518608
01/01,045,2/1,49.462957,8.479188
01/01,045,3/1,49.462957,8.479188
01/01,046,2/1,49.463482,8.566951
01/01,046,3/1,49.463482,8.566951
01/01,047,2/1,49.466158,8.474433
01/01,047,3/1,49.466158,8.474433
01/01,048,2/1,49.470264,8.470216
01/01,048,3/1,49.470264,8.470216
01/01,049,2/1,49.470901,8.47174
01/01,049,3/1,49.470901,8.47174
01/01,050,2/1,49.473963,8.53407
01/01,050,3/1,49.473963,8.53407
01/01,051,2/1,49.473966,8.471243
01/01,051,3/1,49.473966,8.471243
01/01,052,2/1,49.478509,8.512988
01/01,052,3/1,49.478509,8.512988
01/01,053,2/1,49.481643,8.535349
01/01,053,3/1,49.481643,8.535349
01/01,054,2/1,49.484112,8.469812
01/01,054,3/1,49.484112,8.469812
01/01,055,2/1,49.491953,8.464383
01/01,055,3/1,49.491953,8.464383
01/01,056,2/1,49.492135,8.474478
01/01,056,3/1,49.492135,8.474478
01/01,057,2/1,49.493699,8.525555
01/01,057,3/1,49.493699,8.525555
01/01,058,2/1,49.495922,8.458456
01/01,058,3/1,49.495922,8.458456
01/01,059,2/1,49.49624,8.457401
01/01,059,3/1,49.49624,8.457401
01/01,060,2/1,49.496885,8.517252
01/01,060,3/1,49.496885,8.517252
01/01,061,2/1,49.505536,8.494478
01/01,061,3/1,49.505536,8.494478
01/01,062,2/1,49.505627,8.51756
01/01,062,3/1,49.505627,8.51756
01/01,063,2/1,49.507754,8.516355
01/01,063,3/1,49.507754,8.516355
01/01,064,2/1,49.51047,8.464038
01/01,064,3/1,49.51047,8.464038
01/01,065,2/1,49.513457,8.456775
01/01,065,3/1,49.513457,8.456775
01/01,066,2/1,49.514999,8.548227
01/01,066,3/1,49.514999,8.548227
01/01,067,2/1,49.516049,8.519973
01/01,067,3/1,49.516049,8.519973
01/01,068,2/1,49.518087,8.506656
01/01,068,3/1,49.518087,8.506656
01/01,069,2/1,49.518346,8.507948
01/01,069,3/1,49.518346,8.507948
01/01,070,2/1,49.518567,8.505363
01/01,070,3/1,49.518567,8.505363
01/01,071,2/1,49.518749,8.474405
01/01,071,3/1,49.518749,8.474405
01/01,072,2/1,49.520735,8.498976
01/01,072,3/1,49.520735,8.498976
01/01,073,2/1,49.522028,8.493339
01/01,073,3/1,49.522028,8.493339
01/01,074,2/1,49.522405,8.522242
01/01,074,3/1,49.522405,8.522242
01/01,075,2/1,49.524923,8.511305
01/01,075,3/1,49.524923,8.511305
01/01,076,2/1,49.524987,8.479153
01/01,076,3/1,49.524987,8.479153
01/01,077,2/1,49.526063,8.488432
01/01,077,3/1,49.526063,8.488432
01/01,078,2/1,49.526288,8.492448
01/01,078,3/1,49.526288,8.492448
01/01,079,2/1,49.526667,8.448523
01/01,079,3/1,49.526667,8.448523
01/01,080,2/1,49.52714,8.50502
01/01,080,3/1,49.52714,8.50502
01/01,081,2/1,49.528278,8.495316
01/01,081,3/1,49.528278,8.495316
01/01,082,2/1,49.528595,8.48875
01/01,082,3/1,49.528595,8.48875
01/01,083,2/1,49.53053,8.499987
01/01,083,3/1,49.53053,8.499987
01/01,084,2/1,49.53458,8.500475
01/01,084,3/1,49.53458,8.500475
01/01,085,2/1,49.535508,8.500437
01/01,085,3/1,49.535508,8.500437
01/01,086,2/1,49.536532,8.501451
01/01,086,3/1,49.536532,8.501451
01/01,087,2/1,49.542544,8.477132
01/01,087,3/1,49.542544,8.477132
01/01,088,2/1,49.544025,8.441831
01/01,088,3/1,49.544025,8.441831
01/01,089,2/1,49.544202,8.468723
01/01,089,3/1,49.544202,8.468723
01/01,090,2/1,49.548948,8.443468
01/01,090,3/1,49.548948,8.443468
01/01,091,2/1,49.555656,8.449201
01/01,091,3/1,49.555656,8.449201
01/01,092,2/1,49.559996,8.447812
01/01,092,3/1,49.559996,8.447812
01/01,093,2/1,49.564923,8.480316
01/01,093,3/1,49.564923,8.480316
01/01,094,3/1,49.491672,8.46399
01/01,094,2/1,49.491672,8.46399
01/01,095,3/1,49.491851,8.463546
01/01,095,2/1,49.491851,8.463546
01/02,001,4/1,49.4799,8.496362
01/02,002,4/1,49.496397,8.526885
01/02,003,4/1,49.481087,8.494113
01/02,004,4/1,49.489087,8.5102
01/02,005,4/1,49.487928,8.462258
01/02,006,4/1,49.487851,8.462196
01/02,007,4/1,49.48126,8.467296
01/02,008,4/1,49.483685,8.490834
01/02,009,4/1,49.486623,8.488495
01/11,001,1/1,49.481227,8.467244
01/51,001,1/1,49.445174,8.482617
